 [
    {
      "_id": "5f3a3c5faa55d5c4ea549ac1",
      "picture": "http://placehold.it/64x64",
      "age": 38,
      "name": "Lewis Hamilton",
      "team": "Mercedes",
      "races": [
        {
          "name": "GP Barein",
          "time": "1:11:39.515"
        },
        {
          "name": "GP Portugal",
          "time": "1:17:24.312"
        },
        {
          "name": "GP Spain",
          "time": "1:22:29.376"
        },
        {
          "name": "GP Monaco",
          "time": "1:10:34.491"
        },
        {
          "name": "GP Italy",
          "time": "1:51:45.103"
        },
        {
          "name": "GP Singapore",
          "time": "1:44:16.158"
        },
        {
          "name": "GP Japan",
          "time": "1:30:14.658"
        },
        {
          "name": "GP USA",
          "time": "1:29:41.505"
        },
        {
          "name": "GP Australia",
          "time": "1:47:52.109"
        },
        {
          "name": "GP Abu Dabi",
          "time": "1:23:38.271"
        }
      ]
    },
    {
      "_id": "5f3a3c5f4984bd9be6a6f655",
      "picture": "http://placehold.it/64x64",
      "age": 39,
      "name": "Valtteri Bottas",
      "team": "Red Bull",
      "races": [
        {
          "name": "GP Barein",
          "time": "1:16:53.224"
        },
        {
          "name": "GP Portugal",
          "time": "1:31:32.533"
        },
        {
          "name": "GP Spain",
          "time": "1:26:56.186"
        },
        {
          "name": "GP Monaco",
          "time": "1:0:15.169"
        },
        {
          "name": "GP Italy",
          "time": "1:21:5.428"
        },
        {
          "name": "GP Singapore",
          "time": "1:26:18.202"
        },
        {
          "name": "GP Japan",
          "time": "1:22:24.379"
        },
        {
          "name": "GP USA",
          "time": "1:22:9.316"
        },
        {
          "name": "GP Australia",
          "time": "1:28:6.268"
        },
        {
          "name": "GP Abu Dabi",
          "time": "1:57:56.461"
        }
      ]
    },
    {
      "_id": "5f3a3c5fc4c1a2c2dd9df702",
      "picture": "http://placehold.it/64x64",
      "age": 39,
      "name": "Sergio Pérez",
      "team": "Red Bull",
      "races": [
        {
          "name": "GP Barein",
          "time": "1:4:42.549"
        },
        {
          "name": "GP Portugal",
          "time": "1:53:19.849"
        },
        {
          "name": "GP Spain",
          "time": "1:51:25.667"
        },
        {
          "name": "GP Monaco",
          "time": "1:58:26.847"
        },
        {
          "name": "GP Italy",
          "time": "1:47:42.841"
        },
        {
          "name": "GP Singapore",
          "time": "1:51:24.73"
        },
        {
          "name": "GP Japan",
          "time": "1:4:0.075"
        },
        {
          "name": "GP USA",
          "time": "1:52:40.457"
        },
        {
          "name": "GP Australia",
          "time": "1:18:17.738"
        },
        {
          "name": "GP Abu Dabi",
          "time": "1:37:35.128"
        }
      ]
    },
    {
      "_id": "5f3a3c5f8a23c3e2c85cab74",
      "picture": "http://placehold.it/64x64",
      "age": 21,
      "name": "Daniel Ricciardo",
      "team": "Renault",
      "races": [
        {
          "name": "GP Barein",
          "time": "1:21:48.956"
        },
        {
          "name": "GP Portugal",
          "time": "1:0:56.521"
        },
        {
          "name": "GP Spain",
          "time": "1:53:9.793"
        },
        {
          "name": "GP Monaco",
          "time": "1:51:15.265"
        },
        {
          "name": "GP Italy",
          "time": "1:59:43.968"
        },
        {
          "name": "GP Singapore",
          "time": "1:31:27.167"
        },
        {
          "name": "GP Japan",
          "time": "1:59:49.156"
        },
        {
          "name": "GP USA",
          "time": "1:18:49.836"
        },
        {
          "name": "GP Australia",
          "time": "1:47:46.692"
        },
        {
          "name": "GP Abu Dabi",
          "time": "1:10:57.173"
        }
      ]
    },
    {
      "_id": "5f3a3c5f355a5be1fb74076a",
      "picture": "http://placehold.it/64x64",
      "age": 28,
      "name": "Lando Norris",
      "team": "Renault",
      "races": [
        {
          "name": "GP Barein",
          "time": "1:48:32.99"
        },
        {
          "name": "GP Portugal",
          "time": "1:1:41.043"
        },
        {
          "name": "GP Spain",
          "time": "1:22:57.229"
        },
        {
          "name": "GP Monaco",
          "time": "1:4:40.618"
        },
        {
          "name": "GP Italy",
          "time": "1:43:28.734"
        },
        {
          "name": "GP Singapore",
          "time": "1:59:19.861"
        },
        {
          "name": "GP Japan",
          "time": "1:16:19.976"
        },
        {
          "name": "GP USA",
          "time": "1:28:39.612"
        },
        {
          "name": "GP Australia",
          "time": "1:23:2.596"
        },
        {
          "name": "GP Abu Dabi",
          "time": "1:38:32.305"
        }
      ]
    },
    {
      "_id": "5f3a3c5fc42b87fc0d6e31a9",
      "picture": "http://placehold.it/64x64",
      "age": 27,
      "name": "Sebastian Vettel",
      "team": "McLaren",
      "races": [
        {
          "name": "GP Barein",
          "time": "1:38:45.622"
        },
        {
          "name": "GP Portugal",
          "time": "1:11:14.969"
        },
        {
          "name": "GP Spain",
          "time": "1:46:46.861"
        },
        {
          "name": "GP Monaco",
          "time": "1:44:18.84"
        },
        {
          "name": "GP Italy",
          "time": "1:42:3.761"
        },
        {
          "name": "GP Singapore",
          "time": "1:25:17.811"
        },
        {
          "name": "GP Japan",
          "time": "1:12:57.672"
        },
        {
          "name": "GP USA",
          "time": "1:55:48.879"
        },
        {
          "name": "GP Australia",
          "time": "1:34:55.445"
        },
        {
          "name": "GP Abu Dabi",
          "time": "1:58:25.125"
        }
      ]
    },
    {
      "_id": "5f3a3c5f86cbcda872a8f1ed",
      "picture": "http://placehold.it/64x64",
      "age": 24,
      "name": "Lance Stroll",
      "team": "Ferrari",
      "races": [
        {
          "name": "GP Barein",
          "time": "1:26:39.47"
        },
        {
          "name": "GP Portugal",
          "time": "1:8:11.491"
        },
        {
          "name": "GP Spain",
          "time": "1:50:5.416"
        },
        {
          "name": "GP Monaco",
          "time": "1:48:56.726"
        },
        {
          "name": "GP Italy",
          "time": "1:17:8.218"
        },
        {
          "name": "GP Singapore",
          "time": "1:26:42.32"
        },
        {
          "name": "GP Japan",
          "time": "1:55:43.729"
        },
        {
          "name": "GP USA",
          "time": "1:6:13.931"
        },
        {
          "name": "GP Australia",
          "time": "1:48:25.087"
        },
        {
          "name": "GP Abu Dabi",
          "time": "1:52:38.604"
        }
      ]
    },
    {
      "_id": "5f3a3c5f65e328c1a1263781",
      "picture": "http://placehold.it/64x64",
      "age": 29,
      "name": "Fernando Alonso",
      "team": "Ferrari",
      "races": [
        {
          "name": "GP Barein",
          "time": "1:46:20.667"
        },
        {
          "name": "GP Portugal",
          "time": "1:25:48.31"
        },
        {
          "name": "GP Spain",
          "time": "1:0:26.598"
        },
        {
          "name": "GP Monaco",
          "time": "1:40:54.377"
        },
        {
          "name": "GP Italy",
          "time": "1:53:38.533"
        },
        {
          "name": "GP Singapore",
          "time": "1:27:11.601"
        },
        {
          "name": "GP Japan",
          "time": "1:20:27.344"
        },
        {
          "name": "GP USA",
          "time": "1:48:58.123"
        },
        {
          "name": "GP Australia",
          "time": "1:56:35.634"
        },
        {
          "name": "GP Abu Dabi",
          "time": "1:47:46.822"
        }
      ]
    },
    {
      "_id": "5f3a3c5fde8d2bb91cab3352",
      "picture": "http://placehold.it/64x64",
      "age": 31,
      "name": "Esteban Ocon",
      "team": "Williams",
      "races": [
        {
          "name": "GP Barein",
          "time": "1:46:21.421"
        },
        {
          "name": "GP Portugal",
          "time": "1:43:5.956"
        },
        {
          "name": "GP Spain",
          "time": "1:27:27.411"
        },
        {
          "name": "GP Monaco",
          "time": "1:32:43.108"
        },
        {
          "name": "GP Italy",
          "time": "1:51:21.313"
        },
        {
          "name": "GP Singapore",
          "time": "1:23:48.083"
        },
        {
          "name": "GP Japan",
          "time": "1:6:0.916"
        },
        {
          "name": "GP USA",
          "time": "1:57:54.609"
        },
        {
          "name": "GP Australia",
          "time": "1:54:32.003"
        },
        {
          "name": "GP Abu Dabi",
          "time": "1:31:15.369"
        }
      ]
    },
    {
      "_id": "5f3a3c5f5a4ce67633e028ad",
      "picture": "http://placehold.it/64x64",
      "age": 29,
      "name": "Charles Leclerc",
      "team": "McLaren",
      "races": [
        {
          "name": "GP Barein",
          "time": "1:16:52.691"
        },
        {
          "name": "GP Portugal",
          "time": "1:20:32.393"
        },
        {
          "name": "GP Spain",
          "time": "1:35:38.871"
        },
        {
          "name": "GP Monaco",
          "time": "1:35:16.146"
        },
        {
          "name": "GP Italy",
          "time": "1:41:49.539"
        },
        {
          "name": "GP Singapore",
          "time": "1:57:46.918"
        },
        {
          "name": "GP Japan",
          "time": "1:12:47.641"
        },
        {
          "name": "GP USA",
          "time": "1:55:52.599"
        },
        {
          "name": "GP Australia",
          "time": "1:26:36.246"
        },
        {
          "name": "GP Abu Dabi",
          "time": "1:22:26.748"
        }
      ]
    },
    {
      "_id": "5f3a3c5f0e202f4a527bf502",
      "picture": "http://placehold.it/64x64",
      "age": 27,
      "name": "Carlos Sainz Jr.",
      "team": "Mercedes",
      "races": [
        {
          "name": "GP Barein",
          "time": "1:47:3.23"
        },
        {
          "name": "GP Portugal",
          "time": "1:28:54.578"
        },
        {
          "name": "GP Spain",
          "time": "1:40:5.387"
        },
        {
          "name": "GP Monaco",
          "time": "1:28:49.392"
        },
        {
          "name": "GP Italy",
          "time": "1:47:18.89"
        },
        {
          "name": "GP Singapore",
          "time": "1:11:2.444"
        },
        {
          "name": "GP Japan",
          "time": "1:22:29.818"
        },
        {
          "name": "GP USA",
          "time": "1:4:24.429"
        },
        {
          "name": "GP Australia",
          "time": "1:14:15.846"
        },
        {
          "name": "GP Abu Dabi",
          "time": "1:39:5.08"
        }
      ]
    },
    {
      "_id": "5f3a3c5ff1c5e552442b292d",
      "picture": "http://placehold.it/64x64",
      "age": 29,
      "name": "Pierre Gasly",
      "team": "Red Bull",
      "races": [
        {
          "name": "GP Barein",
          "time": "1:44:36.643"
        },
        {
          "name": "GP Portugal",
          "time": "1:15:9.451"
        },
        {
          "name": "GP Spain",
          "time": "1:50:37.69"
        },
        {
          "name": "GP Monaco",
          "time": "1:8:31.728"
        },
        {
          "name": "GP Italy",
          "time": "1:32:50.154"
        },
        {
          "name": "GP Singapore",
          "time": "1:51:22.663"
        },
        {
          "name": "GP Japan",
          "time": "1:30:35.122"
        },
        {
          "name": "GP USA",
          "time": "1:17:25.795"
        },
        {
          "name": "GP Australia",
          "time": "1:36:56.224"
        },
        {
          "name": "GP Abu Dabi",
          "time": "1:32:52.749"
        }
      ]
    },
    {
      "_id": "5f3a3c5f086b43d06ac5a984",
      "picture": "http://placehold.it/64x64",
      "age": 35,
      "name": "Yuki Tsunoda",
      "team": "Ferrari",
      "races": [
        {
          "name": "GP Barein",
          "time": "1:22:53.242"
        },
        {
          "name": "GP Portugal",
          "time": "1:54:8.187"
        },
        {
          "name": "GP Spain",
          "time": "1:1:5.747"
        },
        {
          "name": "GP Monaco",
          "time": "1:44:13.98"
        },
        {
          "name": "GP Italy",
          "time": "1:30:28.754"
        },
        {
          "name": "GP Singapore",
          "time": "1:13:14.073"
        },
        {
          "name": "GP Japan",
          "time": "1:41:58.781"
        },
        {
          "name": "GP USA",
          "time": "1:8:10.042"
        },
        {
          "name": "GP Australia",
          "time": "1:54:42.966"
        },
        {
          "name": "GP Abu Dabi",
          "time": "1:58:35.652"
        }
      ]
    },
    {
      "_id": "5f3a3c5f2744fa89349fe0f3",
      "picture": "http://placehold.it/64x64",
      "age": 34,
      "name": "Kimi Räikkönen",
      "team": "McLaren",
      "races": [
        {
          "name": "GP Barein",
          "time": "1:8:15.559"
        },
        {
          "name": "GP Portugal",
          "time": "1:50:21.71"
        },
        {
          "name": "GP Spain",
          "time": "1:4:55.952"
        },
        {
          "name": "GP Monaco",
          "time": "1:34:18.34"
        },
        {
          "name": "GP Italy",
          "time": "1:59:9.568"
        },
        {
          "name": "GP Singapore",
          "time": "1:59:42.241"
        },
        {
          "name": "GP Japan",
          "time": "1:46:33.387"
        },
        {
          "name": "GP USA",
          "time": "1:55:49.791"
        },
        {
          "name": "GP Australia",
          "time": "1:29:4.4"
        },
        {
          "name": "GP Abu Dabi",
          "time": "1:45:37.349"
        }
      ]
    },
    {
      "_id": "5f3a3c5f970bc40e21b8ee63",
      "picture": "http://placehold.it/64x64",
      "age": 27,
      "name": "Antonio Giovinazzi",
      "team": "McLaren",
      "races": [
        {
          "name": "GP Barein",
          "time": "1:19:38.374"
        },
        {
          "name": "GP Portugal",
          "time": "1:52:42.372"
        },
        {
          "name": "GP Spain",
          "time": "1:59:9.399"
        },
        {
          "name": "GP Monaco",
          "time": "1:33:33.531"
        },
        {
          "name": "GP Italy",
          "time": "1:15:15.002"
        },
        {
          "name": "GP Singapore",
          "time": "1:12:1.19"
        },
        {
          "name": "GP Japan",
          "time": "1:56:48.602"
        },
        {
          "name": "GP USA",
          "time": "1:49:20.073"
        },
        {
          "name": "GP Australia",
          "time": "1:53:21.555"
        },
        {
          "name": "GP Abu Dabi",
          "time": "1:40:52.086"
        }
      ]
    },
    {
      "_id": "5f3a3c5f0a5f78c603fc1d14",
      "picture": "http://placehold.it/64x64",
      "age": 30,
      "name": "Nikita Mazepin",
      "team": "Renault",
      "races": [
        {
          "name": "GP Barein",
          "time": "1:39:54.655"
        },
        {
          "name": "GP Portugal",
          "time": "1:26:8.059"
        },
        {
          "name": "GP Spain",
          "time": "1:23:11.046"
        },
        {
          "name": "GP Monaco",
          "time": "1:41:4.32"
        },
        {
          "name": "GP Italy",
          "time": "1:9:53.404"
        },
        {
          "name": "GP Singapore",
          "time": "1:13:42.517"
        },
        {
          "name": "GP Japan",
          "time": "1:48:18.026"
        },
        {
          "name": "GP USA",
          "time": "1:55:3.198"
        },
        {
          "name": "GP Australia",
          "time": "1:19:46.733"
        },
        {
          "name": "GP Abu Dabi",
          "time": "1:40:17.202"
        }
      ]
    },
    {
      "_id": "5f3a3c5f876488cda4de309a",
      "picture": "http://placehold.it/64x64",
      "age": 32,
      "name": "Mick Schumacher",
      "team": "Honda",
      "races": [
        {
          "name": "GP Barein",
          "time": "1:10:20.58"
        },
        {
          "name": "GP Portugal",
          "time": "1:53:44.181"
        },
        {
          "name": "GP Spain",
          "time": "1:5:18.992"
        },
        {
          "name": "GP Monaco",
          "time": "1:47:55.459"
        },
        {
          "name": "GP Italy",
          "time": "1:49:31.585"
        },
        {
          "name": "GP Singapore",
          "time": "1:38:20.841"
        },
        {
          "name": "GP Japan",
          "time": "1:48:19.814"
        },
        {
          "name": "GP USA",
          "time": "1:36:18.023"
        },
        {
          "name": "GP Australia",
          "time": "1:31:21.812"
        },
        {
          "name": "GP Abu Dabi",
          "time": "1:48:26.514"
        }
      ]
    },
    {
      "_id": "5f3a3c5f8bd0087dc1b70b77",
      "picture": "http://placehold.it/64x64",
      "age": 39,
      "name": "Nicholas Latifi",
      "team": "Williams",
      "races": [
        {
          "name": "GP Barein",
          "time": "1:53:0.702"
        },
        {
          "name": "GP Portugal",
          "time": "1:28:42.037"
        },
        {
          "name": "GP Spain",
          "time": "1:53:24.687"
        },
        {
          "name": "GP Monaco",
          "time": "1:38:10.498"
        },
        {
          "name": "GP Italy",
          "time": "1:46:58.467"
        },
        {
          "name": "GP Singapore",
          "time": "1:21:51.764"
        },
        {
          "name": "GP Japan",
          "time": "1:2:8.072"
        },
        {
          "name": "GP USA",
          "time": "1:26:54.026"
        },
        {
          "name": "GP Australia",
          "time": "1:56:31.087"
        },
        {
          "name": "GP Abu Dabi",
          "time": "1:56:5.192"
        }
      ]
    },
    {
      "_id": "5f3a3c5f8df3fe2e8c6ae477",
      "picture": "http://placehold.it/64x64",
      "age": 29,
      "name": "George Russell",
      "team": "Honda",
      "races": [
        {
          "name": "GP Barein",
          "time": "1:0:57.037"
        },
        {
          "name": "GP Portugal",
          "time": "1:19:21.263"
        },
        {
          "name": "GP Spain",
          "time": "1:16:58.378"
        },
        {
          "name": "GP Monaco",
          "time": "1:21:1.485"
        },
        {
          "name": "GP Italy",
          "time": "1:16:2.04"
        },
        {
          "name": "GP Singapore",
          "time": "1:50:30.417"
        },
        {
          "name": "GP Japan",
          "time": "1:54:33.324"
        },
        {
          "name": "GP USA",
          "time": "1:15:45.267"
        },
        {
          "name": "GP Australia",
          "time": "1:2:42.528"
        },
        {
          "name": "GP Abu Dabi",
          "time": "1:24:7.128"
        }
      ]
    },
    {
      "_id": "5f3a3c5f0c713e786503e798",
      "picture": "http://placehold.it/64x64",
      "age": 39,
      "name": "Max Verstappen",
      "team": "Williams",
      "races": [
        {
          "name": "GP Barein",
          "time": "1:47:32.432"
        },
        {
          "name": "GP Portugal",
          "time": "1:40:12.872"
        },
        {
          "name": "GP Spain",
          "time": "1:44:7.808"
        },
        {
          "name": "GP Monaco",
          "time": "1:47:10.399"
        },
        {
          "name": "GP Italy",
          "time": "1:16:48.487"
        },
        {
          "name": "GP Singapore",
          "time": "1:35:58.714"
        },
        {
          "name": "GP Japan",
          "time": "1:9:2.596"
        },
        {
          "name": "GP USA",
          "time": "1:58:10.066"
        },
        {
          "name": "GP Australia",
          "time": "1:10:34.986"
        },
        {
          "name": "GP Abu Dabi",
          "time": "1:11:36.368"
        }
      ]
    },
    {
      "_id": "5f3a3c5f37ce779261434517",
      "picture": "http://placehold.it/64x64",
      "age": 24,
      "name": "Miki Villar",
      "team": "Everis Centers",
      "races": [
        {
          "name": "GP Barein",
          "time": "1:48:28.477"
        },
        {
          "name": "GP Portugal",
          "time": "1:37:16.852"
        },
        {
          "name": "GP Spain",
          "time": "1:7:36.766"
        },
        {
          "name": "GP Monaco",
          "time": "1:54:50.18"
        },
        {
          "name": "GP Italy",
          "time": "1:11:35.705"
        },
        {
          "name": "GP Singapore",
          "time": "1:1:52.361"
        },
        {
          "name": "GP Japan",
          "time": "1:15:58.031"
        },
        {
          "name": "GP USA",
          "time": "1:49:1.957"
        },
        {
          "name": "GP Australia",
          "time": "1:50:46.778"
        },
        {
          "name": "GP Abu Dabi",
          "time": "1:2:21.754"
        }
      ]
    },
    {
      "_id": "5f3a3c5fdc6f6738e4f35dd7",
      "picture": "http://placehold.it/64x64",
      "age": 32,
      "name": "Benito Camela",
      "team": "Everis Centers",
      "races": [
        {
          "name": "GP Barein",
          "time": "1:53:36.228"
        },
        {
          "name": "GP Portugal",
          "time": "1:59:58.061"
        },
        {
          "name": "GP Spain",
          "time": "1:27:19.038"
        },
        {
          "name": "GP Monaco",
          "time": "1:0:6.003"
        },
        {
          "name": "GP Italy",
          "time": "1:6:38.885"
        },
        {
          "name": "GP Singapore",
          "time": "1:50:42.074"
        },
        {
          "name": "GP Japan",
          "time": "1:42:55.71"
        },
        {
          "name": "GP USA",
          "time": "1:38:16.095"
        },
        {
          "name": "GP Australia",
          "time": "1:56:0.979"
        },
        {
          "name": "GP Abu Dabi",
          "time": "1:29:18.093"
        }
      ]
    }
  ] 